order_number,status,matched_customer,order_status,delivery_date,total_amount,items,attempts,error,timestamp
CM0002153161,not_found,,,,,,195,,2025-09-29T18:11:23.434238
CM0002153162,not_found,,,,,,195,,2025-09-29T18:43:44.204813
CM0002153163,not_found,,,,,,195,,2025-09-29T18:43:46.297999
CM0002153164,not_found,,,,,,195,,2025-09-29T18:43:48.400381
CM0002153165,not_found,,,,,,195,,2025-09-29T18:43:50.497358
CM0002153166,not_found,,,,,,195,,2025-09-29T18:43:52.595743
CM0002153167,not_found,,,,,,195,,2025-09-29T18:43:54.693414
CM0002153168,not_found,,,,,,195,,2025-09-29T18:43:56.786996
CM0002153169,not_found,,,,,,195,,2025-09-29T18:43:58.889724
CM0002153170,not_found,,,,,,195,,2025-09-29T18:44:00.988049
CM0002153171,not_found,,,,,,195,,2025-09-29T18:44:03.087337
CM0002153172,not_found,,,,,,195,,2025-09-29T18:44:05.208552
CM0002153173,not_found,,,,,,195,,2025-09-29T18:44:07.378391
CM0002153174,not_found,,,,,,195,,2025-09-29T18:44:09.474011
CM0002153175,not_found,,,,,,195,,2025-09-29T18:44:11.577929
CM0002153176,not_found,,,,,,195,,2025-09-29T18:44:13.665427
CM0002153177,not_found,,,,,,195,,2025-09-29T18:44:15.761779
CM0002153178,not_found,,,,,,195,,2025-09-29T18:44:17.848460
CM0002153179,not_found,,,,,,195,,2025-09-29T18:44:19.942832
CM0002153180,not_found,,,,,,195,,2025-09-29T18:44:22.028775
CM0002153181,not_found,,,,,,195,,2025-09-29T18:44:24.128461
CM0002153182,not_found,,,,,,195,,2025-09-29T18:44:26.258834
CM0002153183,not_found,,,,,,195,,2025-09-29T18:44:28.358776
CM0002153184,not_found,,,,,,195,,2025-09-29T18:44:30.488947
CM0002153185,not_found,,,,,,195,,2025-09-29T18:44:32.699046
CM0002153186,not_found,,,,,,195,,2025-09-29T18:44:34.799853
CM0002153187,not_found,,,,,,195,,2025-09-29T18:44:36.899847
CM0002153188,not_found,,,,,,195,,2025-09-29T18:44:38.992149
CM0002153189,not_found,,,,,,195,,2025-09-29T18:44:41.100341
CM0002153190,not_found,,,,,,195,,2025-09-29T18:44:43.185945
CM0002153191,not_found,,,,,,195,,2025-09-29T18:44:45.282690
CM0002153192,not_found,,,,,,195,,2025-09-29T18:44:47.393033
CM0002153193,not_found,,,,,,195,,2025-09-29T18:44:49.495880
CM0002153194,not_found,,,,,,195,,2025-09-29T18:44:51.589539
CM0002153195,not_found,,,,,,195,,2025-09-29T18:44:53.678838
CM0002153196,not_found,,,,,,195,,2025-09-29T18:44:55.773347
CM0002153197,not_found,,,,,,195,,2025-09-29T18:44:57.856232
CM0002153198,not_found,,,,,,195,,2025-09-29T18:44:59.954215
CM0002153199,not_found,,,,,,195,,2025-09-29T18:45:02.049776
CM0002153200,not_found,,,,,,195,,2025-09-29T18:45:04.146346
CM0002153201,not_found,,,,,,195,,2025-09-29T18:45:06.237717
CM0002153202,not_found,,,,,,195,,2025-09-29T18:45:08.334611
CM0002153203,not_found,,,,,,195,,2025-09-29T18:45:10.418204
CM0002153204,not_found,,,,,,195,,2025-09-29T18:45:12.516705
CM0002153205,not_found,,,,,,195,,2025-09-29T18:45:14.606231
CM0002153206,not_found,,,,,,195,,2025-09-29T18:45:16.697312
CM0002153207,not_found,,,,,,195,,2025-09-29T18:45:18.788869
CM0002153208,not_found,,,,,,195,,2025-09-29T18:45:20.891155
CM0002153209,not_found,,,,,,195,,2025-09-29T18:45:22.987071
CM0002153210,not_found,,,,,,195,,2025-09-29T18:45:25.082513
CM0002153211,not_found,,,,,,195,,2025-09-29T18:45:27.178383
CM0002153212,not_found,,,,,,195,,2025-09-29T18:45:29.261871
CM0002153213,not_found,,,,,,195,,2025-09-29T18:45:31.353744
CM0002153214,not_found,,,,,,195,,2025-09-29T18:45:33.450517
CM0002153215,not_found,,,,,,195,,2025-09-29T18:45:35.547016
CM0002153216,not_found,,,,,,195,,2025-09-29T18:45:37.643154
CM0002153217,not_found,,,,,,195,,2025-09-29T18:45:39.737690
CM0002153218,not_found,,,,,,195,,2025-09-29T18:45:41.835845
CM0002153219,not_found,,,,,,195,,2025-09-29T18:45:43.962753
CM0002153220,not_found,,,,,,195,,2025-09-29T18:45:46.053526
CM0002153221,not_found,,,,,,195,,2025-09-29T18:45:48.146884
CM0002153222,not_found,,,,,,195,,2025-09-29T18:45:50.236590
CM0002153223,not_found,,,,,,195,,2025-09-29T18:45:52.328623
CM0002153224,not_found,,,,,,195,,2025-09-29T18:45:54.428879
CM0002153225,not_found,,,,,,195,,2025-09-29T18:45:56.524694
CM0002153226,not_found,,,,,,195,,2025-09-29T18:45:58.618922
CM0002153227,not_found,,,,,,195,,2025-09-29T18:46:00.720053
CM0002153228,not_found,,,,,,195,,2025-09-29T18:46:02.801187
CM0002153229,not_found,,,,,,195,,2025-09-29T18:46:04.926090
CM0002153230,not_found,,,,,,195,,2025-09-29T18:46:07.128546
CM0002153231,not_found,,,,,,195,,2025-09-29T18:46:09.230062
CM0002153232,not_found,,,,,,195,,2025-09-29T18:46:11.333484
CM0002153233,not_found,,,,,,195,,2025-09-29T18:46:13.417453
CM0002153234,not_found,,,,,,195,,2025-09-29T18:46:15.516276
CM0002153235,not_found,,,,,,195,,2025-09-29T18:46:17.614431
CM0002153236,not_found,,,,,,195,,2025-09-29T18:46:19.710812
CM0002153237,not_found,,,,,,195,,2025-09-29T18:46:21.794139
CM0002153238,not_found,,,,,,195,,2025-09-29T18:46:23.884201
CM0002153239,not_found,,,,,,195,,2025-09-29T18:46:25.978169
CM0002153240,not_found,,,,,,195,,2025-09-29T18:46:28.067461
CM0002153241,not_found,,,,,,195,,2025-09-29T18:46:30.158262
CM0002153242,not_found,,,,,,195,,2025-09-29T18:46:32.243338
CM0002153243,not_found,,,,,,195,,2025-09-29T18:46:34.335446
CM0002153244,not_found,,,,,,195,,2025-09-29T18:46:36.424236
CM0002153245,not_found,,,,,,195,,2025-09-29T18:46:38.509981
CM0002153246,not_found,,,,,,195,,2025-09-29T18:46:40.699917
CM0002153247,not_found,,,,,,195,,2025-09-29T18:46:43.425368
CM0002153248,not_found,,,,,,195,,2025-09-29T18:46:45.519868
CM0002153249,not_found,,,,,,195,,2025-09-29T18:46:48.336195
CM0002153250,not_found,,,,,,195,,2025-09-29T18:46:50.423112
CM0002153251,not_found,,,,,,195,,2025-09-29T18:46:52.509536
CM0002153252,not_found,,,,,,195,,2025-09-29T18:46:54.601574
CM0002153253,not_found,,,,,,195,,2025-09-29T18:46:56.699252
CM0002153254,not_found,,,,,,195,,2025-09-29T18:47:01.175378
CM0002153255,not_found,,,,,,195,,2025-09-29T18:47:03.274292
CM0002153256,not_found,,,,,,195,,2025-09-29T18:47:05.373951
CM0002153257,not_found,,,,,,195,,2025-09-29T18:47:07.501016
CM0002153258,not_found,,,,,,195,,2025-09-29T18:47:09.597334
CM0002153259,not_found,,,,,,195,,2025-09-29T18:47:11.684032
CM0002153260,not_found,,,,,,195,,2025-09-29T18:47:13.773026
CM0002153261,not_found,,,,,,195,,2025-09-29T18:47:15.863142
CM0002153262,not_found,,,,,,195,,2025-09-29T18:47:17.947714
CM0002153263,not_found,,,,,,195,,2025-09-29T18:47:20.036771
CM0002153264,not_found,,,,,,195,,2025-09-29T18:47:22.124135
CM0002153265,not_found,,,,,,195,,2025-09-29T18:47:24.213314
CM0002153266,not_found,,,,,,195,,2025-09-29T18:47:26.409680
CM0002153267,not_found,,,,,,195,,2025-09-29T18:47:28.496851
CM0002153268,not_found,,,,,,195,,2025-09-29T18:47:30.595099
CM0002153269,not_found,,,,,,195,,2025-09-29T18:47:32.676609
CM0002153270,not_found,,,,,,195,,2025-09-29T18:47:34.767396
CM0002153271,not_found,,,,,,195,,2025-09-29T18:47:36.868317
CM0002153272,not_found,,,,,,195,,2025-09-29T18:47:38.974882
CM0002153273,not_found,,,,,,195,,2025-09-29T18:47:41.065601
CM0002153274,not_found,,,,,,195,,2025-09-29T18:47:43.157558
CM0002153275,not_found,,,,,,195,,2025-09-29T18:47:45.265722
CM0002153276,not_found,,,,,,195,,2025-09-29T18:47:47.427120
CM0002153277,not_found,,,,,,195,,2025-09-29T18:47:49.504944
CM0002153278,not_found,,,,,,195,,2025-09-29T18:47:51.591111
CM0002153279,not_found,,,,,,195,,2025-09-29T18:47:53.681163
CM0002153280,not_found,,,,,,195,,2025-09-29T18:47:55.761986
CM0002153281,not_found,,,,,,195,,2025-09-29T18:47:57.860048
CM0002153282,not_found,,,,,,195,,2025-09-29T18:47:59.937196
CM0002153283,not_found,,,,,,195,,2025-09-29T18:48:02.036818
CM0002153284,not_found,,,,,,195,,2025-09-29T18:48:04.134316
CM0002153285,not_found,,,,,,195,,2025-09-29T18:48:06.303000
CM0002153286,not_found,,,,,,195,,2025-09-29T18:48:08.397746
CM0002153287,not_found,,,,,,195,,2025-09-29T18:48:10.495607
CM0002153288,not_found,,,,,,195,,2025-09-29T18:48:12.594229
CM0002153289,not_found,,,,,,195,,2025-09-29T18:48:14.690335
CM0002153290,not_found,,,,,,195,,2025-09-29T18:48:16.788789
CM0002153291,not_found,,,,,,195,,2025-09-29T18:48:18.885039
CM0002153292,not_found,,,,,,195,,2025-09-29T18:48:20.969491
CM0002153293,not_found,,,,,,195,,2025-09-29T18:48:23.068558
CM0002153294,not_found,,,,,,195,,2025-09-29T18:48:25.171996
CM0002153295,not_found,,,,,,195,,2025-09-29T18:48:27.266771
CM0002153296,not_found,,,,,,195,,2025-09-29T18:48:29.385390
CM0002153297,not_found,,,,,,195,,2025-09-29T18:48:31.474606
CM0002153298,not_found,,,,,,195,,2025-09-29T18:48:33.598283
CM0002153299,not_found,,,,,,195,,2025-09-29T18:48:35.692517
CM0002153300,not_found,,,,,,195,,2025-09-29T18:48:37.797462
CM0002153301,not_found,,,,,,195,,2025-09-29T18:48:39.891518
CM0002153302,not_found,,,,,,195,,2025-09-29T18:48:41.981592
CM0002153303,not_found,,,,,,195,,2025-09-29T18:48:44.071973
CM0002153304,not_found,,,,,,195,,2025-09-29T18:48:46.159965
CM0002153305,not_found,,,,,,195,,2025-09-29T18:48:48.246513
CM0002153306,not_found,,,,,,195,,2025-09-29T18:48:50.338653
CM0002153307,not_found,,,,,,195,,2025-09-29T18:48:52.424943
CM0002153308,not_found,,,,,,195,,2025-09-29T18:48:54.529338
CM0002153309,not_found,,,,,,195,,2025-09-29T18:48:56.610791
CM0002153310,not_found,,,,,,195,,2025-09-29T18:48:58.709429
CM0002153311,not_found,,,,,,195,,2025-09-29T18:49:00.801473
CM0002153312,not_found,,,,,,195,,2025-09-29T18:49:02.891545
CM0002153313,not_found,,,,,,195,,2025-09-29T18:49:04.993112
CM0002153314,not_found,,,,,,195,,2025-09-29T18:49:07.083417
CM0002153315,not_found,,,,,,195,,2025-09-29T18:49:09.182345
CM0002153316,not_found,,,,,,195,,2025-09-29T18:49:11.272470
CM0002153317,not_found,,,,,,195,,2025-09-29T18:49:13.375485
CM0002153318,not_found,,,,,,195,,2025-09-29T18:49:15.473651
CM0002153319,not_found,,,,,,195,,2025-09-29T18:49:17.565773
CM0002153320,not_found,,,,,,195,,2025-09-29T18:49:19.660966
CM0002153321,not_found,,,,,,195,,2025-09-29T18:49:21.838612
CM0002153322,not_found,,,,,,195,,2025-09-29T18:49:26.108946
CM0002153323,not_found,,,,,,195,,2025-09-29T18:49:28.226040
CM0002153324,not_found,,,,,,195,,2025-09-29T18:49:30.367613
CM0002153325,not_found,,,,,,195,,2025-09-29T18:49:32.632008
CM0002153326,not_found,,,,,,195,,2025-09-29T18:49:34.729696
CM0002153327,not_found,,,,,,195,,2025-09-29T18:49:36.849227
CM0002153328,not_found,,,,,,195,,2025-09-29T18:49:38.950692
CM0002153329,not_found,,,,,,195,,2025-09-29T18:49:41.036440
CM0002153330,not_found,,,,,,195,,2025-09-29T18:49:43.127086
CM0002153331,not_found,,,,,,195,,2025-09-29T18:49:45.261459
CM0002153332,not_found,,,,,,195,,2025-09-29T18:49:47.358902
CM0002153333,not_found,,,,,,195,,2025-09-29T18:49:49.450024
CM0002153334,not_found,,,,,,195,,2025-09-29T18:49:51.544003
CM0002153335,not_found,,,,,,195,,2025-09-29T18:49:53.648569
CM0002153336,not_found,,,,,,195,,2025-09-29T18:49:55.743704
CM0002153337,not_found,,,,,,195,,2025-09-29T18:49:57.863610
CM0002153338,not_found,,,,,,195,,2025-09-29T18:49:59.961225
CM0002153339,not_found,,,,,,195,,2025-09-29T18:50:02.056159
CM0002153340,not_found,,,,,,195,,2025-09-29T18:50:04.162933
CM0002153341,not_found,,,,,,195,,2025-09-29T18:50:06.256976
CM0002153342,not_found,,,,,,195,,2025-09-29T18:50:08.356427
CM0002153343,not_found,,,,,,195,,2025-09-29T18:50:10.450863
CM0002153344,not_found,,,,,,195,,2025-09-29T18:50:12.579928
CM0002153345,not_found,,,,,,195,,2025-09-29T18:50:14.677229
CM0002153346,not_found,,,,,,195,,2025-09-29T18:50:16.778131
CM0002153347,not_found,,,,,,195,,2025-09-29T18:50:18.875827
CM0002153348,not_found,,,,,,195,,2025-09-29T18:50:20.972839
CM0002153349,not_found,,,,,,195,,2025-09-29T18:50:23.075314
CM0002153350,not_found,,,,,,195,,2025-09-29T18:50:25.176497
CM0002153351,not_found,,,,,,195,,2025-09-29T18:50:27.286541
CM0002153352,not_found,,,,,,195,,2025-09-29T18:50:29.386522
CM0002153353,not_found,,,,,,195,,2025-09-29T18:50:31.485562
CM0002153354,not_found,,,,,,195,,2025-09-29T18:50:33.584811
CM0002153355,not_found,,,,,,195,,2025-09-29T18:50:35.681305
CM0002153356,not_found,,,,,,195,,2025-09-29T18:50:37.782126
CM0002153357,not_found,,,,,,195,,2025-09-29T18:50:39.882577
CM0002153358,not_found,,,,,,195,,2025-09-29T18:50:41.982916
CM0002153359,not_found,,,,,,195,,2025-09-29T18:50:44.079013
CM0002153360,not_found,,,,,,195,,2025-09-29T18:50:46.176448
CM0002153361,not_found,,,,,,195,,2025-09-29T18:50:48.275390
CM0002153362,not_found,,,,,,195,,2025-09-29T18:50:50.375166
CM0002153363,not_found,,,,,,195,,2025-09-29T18:50:52.475832
CM0002153364,not_found,,,,,,195,,2025-09-29T18:50:54.573362
CM0002153365,not_found,,,,,,195,,2025-09-29T18:50:56.666496
CM0002153366,not_found,,,,,,195,,2025-09-29T18:50:58.763408
CM0002153367,not_found,,,,,,195,,2025-09-29T18:51:00.863737
CM0002153368,not_found,,,,,,195,,2025-09-29T18:51:02.965776
CM0002153369,not_found,,,,,,195,,2025-09-29T18:51:05.092505
CM0002153370,not_found,,,,,,195,,2025-09-29T18:51:07.201127
CM0002153371,not_found,,,,,,195,,2025-09-29T18:51:09.296766
CM0002153372,not_found,,,,,,195,,2025-09-29T18:51:11.403729
CM0002153373,not_found,,,,,,195,,2025-09-29T18:51:13.498638
CM0002153374,not_found,,,,,,195,,2025-09-29T18:51:15.596448
CM0002153375,not_found,,,,,,195,,2025-09-29T18:51:17.691106
CM0002153376,not_found,,,,,,195,,2025-09-29T18:51:19.791471
CM0002153377,not_found,,,,,,195,,2025-09-29T18:51:21.882862
CM0002153378,not_found,,,,,,195,,2025-09-29T18:51:23.977316
CM0002153379,not_found,,,,,,195,,2025-09-29T18:51:26.073530
CM0002153380,not_found,,,,,,195,,2025-09-29T18:51:28.165491
CM0002153381,not_found,,,,,,195,,2025-09-29T18:51:30.264127
CM0002153382,not_found,,,,,,195,,2025-09-29T18:51:32.361645
CM0002153383,not_found,,,,,,195,,2025-09-29T18:51:34.458831
CM0002153384,not_found,,,,,,195,,2025-09-29T18:51:36.555857
CM0002153385,not_found,,,,,,195,,2025-09-29T18:51:38.661777
CM0002153386,not_found,,,,,,195,,2025-09-29T18:51:40.786831
CM0002153387,not_found,,,,,,195,,2025-09-29T18:51:42.882944
CM0002153388,not_found,,,,,,195,,2025-09-29T18:51:44.979452
CM0002153389,not_found,,,,,,195,,2025-09-29T18:51:47.081743
CM0002153390,not_found,,,,,,195,,2025-09-29T18:51:49.172880
CM0002153391,not_found,,,,,,195,,2025-09-29T18:51:51.297042
CM0002153392,not_found,,,,,,195,,2025-09-29T18:51:53.397822
CM0002153393,not_found,,,,,,195,,2025-09-29T18:51:55.496010
CM0002153394,not_found,,,,,,195,,2025-09-29T18:51:57.587726
CM0002153395,not_found,,,,,,195,,2025-09-29T18:51:59.683385
CM0002153396,not_found,,,,,,195,,2025-09-29T18:52:01.776290
CM0002153397,not_found,,,,,,195,,2025-09-29T18:52:03.873654
CM0002153398,not_found,,,,,,195,,2025-09-29T18:52:05.999018
CM0002153399,not_found,,,,,,195,,2025-09-29T18:52:08.107271
CM0002153400,not_found,,,,,,195,,2025-09-29T18:52:10.215170
CM0002153401,not_found,,,,,,195,,2025-09-29T18:52:12.303768
CM0002153402,not_found,,,,,,195,,2025-09-29T18:52:14.398479
CM0002153403,not_found,,,,,,195,,2025-09-29T18:52:16.499371
CM0002153404,not_found,,,,,,195,,2025-09-29T18:52:18.598356
CM0002153405,not_found,,,,,,195,,2025-09-29T18:52:20.698341
CM0002153406,not_found,,,,,,195,,2025-09-29T18:52:22.794949
CM0002153407,not_found,,,,,,195,,2025-09-29T18:52:24.890909
CM0002153408,not_found,,,,,,195,,2025-09-29T18:52:26.987033
CM0002153409,not_found,,,,,,195,,2025-09-29T18:52:29.086541
CM0002153410,not_found,,,,,,195,,2025-09-29T18:52:31.184909
CM0002153411,not_found,,,,,,195,,2025-09-29T18:52:33.278059
CM0002153412,not_found,,,,,,195,,2025-09-29T18:52:35.374003
CM0002153413,not_found,,,,,,195,,2025-09-29T18:52:37.472639
CM0002153414,not_found,,,,,,195,,2025-09-29T18:52:39.574155
CM0002153415,not_found,,,,,,195,,2025-09-29T18:52:41.674128
CM0002153416,not_found,,,,,,195,,2025-09-29T18:52:43.771853
CM0002153417,not_found,,,,,,195,,2025-09-29T18:52:45.871482
CM0002153418,not_found,,,,,,195,,2025-09-29T18:52:47.970939
CM0002153419,not_found,,,,,,195,,2025-09-29T18:52:50.069335
CM0002153420,not_found,,,,,,195,,2025-09-29T18:52:52.169515
CM0002153421,not_found,,,,,,195,,2025-09-29T18:52:54.267931
CM0002153422,not_found,,,,,,195,,2025-09-29T18:52:56.365672
CM0002153423,not_found,,,,,,195,,2025-09-29T18:52:58.464780
CM0002153424,not_found,,,,,,195,,2025-09-29T18:53:00.563770
CM0002153425,not_found,,,,,,195,,2025-09-29T18:53:02.661976
CM0002153426,not_found,,,,,,195,,2025-09-29T18:53:04.760525
CM0002153427,not_found,,,,,,195,,2025-09-29T18:53:06.831585
CM0002153428,not_found,,,,,,195,,2025-09-29T18:53:08.930767
CM0002153429,not_found,,,,,,195,,2025-09-29T18:53:11.016256
CM0002153430,not_found,,,,,,195,,2025-09-29T18:53:13.119349
CM0002153431,not_found,,,,,,195,,2025-09-29T18:53:15.218155
CM0002153432,not_found,,,,,,195,,2025-09-29T18:53:17.316078
CM0002153433,not_found,,,,,,195,,2025-09-29T18:53:19.415545
CM0002153434,not_found,,,,,,195,,2025-09-29T18:53:21.514176
CM0002153435,not_found,,,,,,195,,2025-09-29T18:53:23.612998
CM0002153436,not_found,,,,,,195,,2025-09-29T18:53:25.713153
CM0002153437,not_found,,,,,,195,,2025-09-29T18:53:27.808287
CM0002153438,not_found,,,,,,195,,2025-09-29T18:53:29.906267
CM0002153439,not_found,,,,,,195,,2025-09-29T18:53:32.004248
CM0002153440,not_found,,,,,,195,,2025-09-29T18:53:34.102474
CM0002153441,not_found,,,,,,195,,2025-09-29T18:53:36.201441
CM0002153442,not_found,,,,,,195,,2025-09-29T18:53:38.301619
CM0002153443,not_found,,,,,,195,,2025-09-29T18:53:40.396097
CM0002153444,not_found,,,,,,195,,2025-09-29T18:53:42.494959
CM0002153445,not_found,,,,,,195,,2025-09-29T18:53:44.594895
CM0002153446,not_found,,,,,,195,,2025-09-29T18:53:46.695891
CM0002153447,not_found,,,,,,195,,2025-09-29T18:53:48.790236
CM0002153448,not_found,,,,,,195,,2025-09-29T18:53:50.892028
CM0002153449,not_found,,,,,,195,,2025-09-29T18:53:52.990584
CM0002153450,not_found,,,,,,195,,2025-09-29T18:53:55.094779
CM0002153451,not_found,,,,,,195,,2025-09-29T18:53:57.187750
CM0002153452,not_found,,,,,,195,,2025-09-29T18:53:59.286374
CM0002153453,not_found,,,,,,195,,2025-09-29T18:54:01.386972
CM0002153454,not_found,,,,,,195,,2025-09-29T18:54:03.474975
CM0002153455,not_found,,,,,,195,,2025-09-29T18:54:05.569888
CM0002153456,not_found,,,,,,195,,2025-09-29T18:54:07.660346
CM0002153457,not_found,,,,,,195,,2025-09-29T18:54:09.825649
CM0002153458,not_found,,,,,,195,,2025-09-29T18:54:11.906795
CM0002153459,not_found,,,,,,195,,2025-09-29T18:54:13.998894
CM0002153460,not_found,,,,,,195,,2025-09-29T18:54:16.087645
CM0002153461,not_found,,,,,,195,,2025-09-29T18:54:18.186066
CM0002153462,not_found,,,,,,195,,2025-09-29T18:54:20.283275
CM0002153463,not_found,,,,,,195,,2025-09-29T18:54:22.379423
CM0002153464,not_found,,,,,,195,,2025-09-29T18:54:24.509865
CM0002153465,not_found,,,,,,195,,2025-09-29T18:54:26.626919
CM0002153466,not_found,,,,,,195,,2025-09-29T18:54:28.762854
CM0002153467,not_found,,,,,,195,,2025-09-29T18:54:30.890811
CM0002153468,not_found,,,,,,195,,2025-09-29T18:54:33.034264
CM0002153469,not_found,,,,,,195,,2025-09-29T18:54:35.375001
CM0002153470,not_found,,,,,,195,,2025-09-29T18:54:37.498660
CM0002153471,not_found,,,,,,195,,2025-09-29T18:54:39.626197
CM0002153472,not_found,,,,,,195,,2025-09-29T18:54:41.751135
CM0002153473,not_found,,,,,,195,,2025-09-29T18:54:43.888470
CM0002153474,not_found,,,,,,195,,2025-09-29T18:54:46.021080
CM0002153475,not_found,,,,,,195,,2025-09-29T18:54:48.140520
CM0002153476,not_found,,,,,,195,,2025-09-29T18:54:50.260534
CM0002153477,not_found,,,,,,195,,2025-09-29T18:54:52.420528
CM0002153478,not_found,,,,,,195,,2025-09-29T18:54:55.955669
CM0002153479,not_found,,,,,,195,,2025-09-29T18:54:59.967680
CM0002153480,not_found,,,,,,195,,2025-09-29T18:55:02.937869
CM0002153481,not_found,,,,,,195,,2025-09-29T18:55:08.410078
CM0002153482,not_found,,,,,,195,,2025-09-29T18:55:10.528334
CM0002153483,not_found,,,,,,195,,2025-09-29T18:55:12.651047
CM0002153484,not_found,,,,,,195,,2025-09-29T18:55:14.793348
CM0002153485,not_found,,,,,,195,,2025-09-29T18:55:16.914481
CM0002153486,not_found,,,,,,195,,2025-09-29T18:55:19.030505
CM0002153487,not_found,,,,,,195,,2025-09-29T18:55:21.165848
CM0002153488,not_found,,,,,,195,,2025-09-29T18:55:23.283956
CM0002153489,not_found,,,,,,195,,2025-09-29T18:55:25.408002
CM0002153490,not_found,,,,,,195,,2025-09-29T18:55:27.524556
CM0002153491,not_found,,,,,,195,,2025-09-29T18:55:29.633043
CM0002153492,not_found,,,,,,195,,2025-09-29T18:55:31.759041
CM0002153493,not_found,,,,,,195,,2025-09-29T18:55:33.892314
CM0002153494,not_found,,,,,,195,,2025-09-29T18:55:36.024819
CM0002153495,not_found,,,,,,195,,2025-09-29T18:55:38.466271
CM0002153496,not_found,,,,,,195,,2025-09-29T18:55:40.588248
CM0002153497,not_found,,,,,,195,,2025-09-29T18:55:42.708302
CM0002153498,not_found,,,,,,195,,2025-09-29T18:55:44.817992
CM0002153499,not_found,,,,,,195,,2025-09-29T18:55:46.926534
CM0002153500,not_found,,,,,,195,,2025-09-29T18:55:49.043778
CM0002153501,not_found,,,,,,195,,2025-09-29T18:55:51.186763
CM0002153502,not_found,,,,,,195,,2025-09-29T18:55:53.308682
CM0002153503,not_found,,,,,,195,,2025-09-29T18:55:55.417441
CM0002153504,not_found,,,,,,195,,2025-09-29T18:55:57.524243
CM0002153505,not_found,,,,,,195,,2025-09-29T18:55:59.652142
CM0002153506,not_found,,,,,,195,,2025-09-29T18:56:01.779341
CM0002153507,not_found,,,,,,195,,2025-09-29T18:56:03.898581
CM0002153508,not_found,,,,,,195,,2025-09-29T18:56:06.032195
CM0002153509,not_found,,,,,,195,,2025-09-29T18:56:08.151481
CM0002153510,not_found,,,,,,195,,2025-09-29T18:56:10.280664
CM0002153511,not_found,,,,,,195,,2025-09-29T18:56:12.434197
CM0002153512,not_found,,,,,,195,,2025-09-29T18:56:14.562123
CM0002153513,not_found,,,,,,195,,2025-09-29T18:56:16.686537
CM0002153514,not_found,,,,,,195,,2025-09-29T18:56:19.065702
CM0002153515,not_found,,,,,,195,,2025-09-29T18:56:21.204253
CM0002153516,not_found,,,,,,195,,2025-09-29T18:56:23.365763
CM0002153517,not_found,,,,,,195,,2025-09-29T18:56:25.483801
CM0002153518,not_found,,,,,,195,,2025-09-29T18:56:27.612033
CM0002153519,not_found,,,,,,195,,2025-09-29T18:56:29.744415
CM0002153520,not_found,,,,,,195,,2025-09-29T18:56:31.859104
CM0002153521,not_found,,,,,,195,,2025-09-29T18:56:34.023406
CM0002153522,not_found,,,,,,195,,2025-09-29T18:56:36.152984
CM0002153523,not_found,,,,,,195,,2025-09-29T18:56:38.302430
CM0002153524,not_found,,,,,,195,,2025-09-29T18:56:40.416611
CM0002153525,not_found,,,,,,195,,2025-09-29T18:56:42.738898
CM0002153526,not_found,,,,,,195,,2025-09-29T18:56:44.883561
CM0002153527,not_found,,,,,,195,,2025-09-29T18:56:47.012192
CM0002153528,not_found,,,,,,195,,2025-09-29T18:56:49.141603
CM0002153529,not_found,,,,,,195,,2025-09-29T18:56:51.378053
CM0002153530,not_found,,,,,,195,,2025-09-29T18:56:53.513589
CM0002153531,not_found,,,,,,195,,2025-09-29T18:56:55.645758
CM0002153532,not_found,,,,,,195,,2025-09-29T18:56:57.771312
CM0002153533,not_found,,,,,,195,,2025-09-29T18:56:59.893027
CM0002153534,not_found,,,,,,195,,2025-09-29T18:57:02.121864
CM0002153535,not_found,,,,,,195,,2025-09-29T18:57:05.083749
CM0002153536,not_found,,,,,,195,,2025-09-29T18:57:09.502199
CM0002153537,not_found,,,,,,195,,2025-09-29T18:57:12.489266
CM0002153538,not_found,,,,,,195,,2025-09-29T18:57:14.904710
CM0002153539,not_found,,,,,,195,,2025-09-29T18:57:17.779459
CM0002153540,not_found,,,,,,195,,2025-09-29T18:57:19.936194
CM0002153541,not_found,,,,,,195,,2025-09-29T18:57:22.069768
CM0002153542,not_found,,,,,,195,,2025-09-29T18:57:24.194067
CM0002153543,not_found,,,,,,195,,2025-09-29T18:57:26.319405
CM0002153544,not_found,,,,,,195,,2025-09-29T18:57:28.438267
CM0002153545,not_found,,,,,,195,,2025-09-29T18:57:30.561100
CM0002153546,not_found,,,,,,195,,2025-09-29T18:57:32.681677
CM0002153547,not_found,,,,,,195,,2025-09-29T18:57:34.809183
CM0002153548,not_found,,,,,,195,,2025-09-29T18:57:36.934345
CM0002153549,not_found,,,,,,195,,2025-09-29T18:57:39.059817
CM0002153550,not_found,,,,,,195,,2025-09-29T18:57:41.186131
CM0002153551,not_found,,,,,,195,,2025-09-29T18:57:43.312811
CM0002153552,not_found,,,,,,195,,2025-09-29T18:57:45.448537
CM0002153553,not_found,,,,,,195,,2025-09-29T18:57:49.771664
CM0002153554,not_found,,,,,,195,,2025-09-29T18:57:56.105804
CM0002153555,not_found,,,,,,195,,2025-09-29T18:57:58.327629
CM0002153556,not_found,,,,,,195,,2025-09-29T18:58:00.766621
CM0002153557,not_found,,,,,,195,,2025-09-29T18:58:02.909375
CM0002153558,not_found,,,,,,195,,2025-09-29T18:58:05.476924
CM0002153559,not_found,,,,,,195,,2025-09-29T18:58:08.320748
CM0002153560,not_found,,,,,,195,,2025-09-29T18:58:11.109809
CM0002153561,not_found,,,,,,195,,2025-09-29T18:58:16.739163
CM0002153562,not_found,,,,,,195,,2025-09-29T18:58:22.035513
CM0002153563,not_found,,,,,,195,,2025-09-29T18:58:25.040973
CM0002153564,not_found,,,,,,195,,2025-09-29T18:58:28.102153
CM0002153565,not_found,,,,,,195,,2025-09-29T18:58:30.248772
CM0002153566,not_found,,,,,,195,,2025-09-29T18:58:32.369820
CM0002153567,not_found,,,,,,195,,2025-09-29T18:58:34.499794
CM0002153568,not_found,,,,,,195,,2025-09-29T18:58:36.634350
CM0002153569,not_found,,,,,,195,,2025-09-29T18:58:38.756183
CM0002153570,not_found,,,,,,195,,2025-09-29T18:58:40.873591
CM0002153571,not_found,,,,,,195,,2025-09-29T18:58:43.001440
CM0002153572,not_found,,,,,,195,,2025-09-29T18:58:45.327443
CM0002153573,not_found,,,,,,195,,2025-09-29T18:58:47.481273
CM0002153574,not_found,,,,,,195,,2025-09-29T18:58:53.186178
CM0002153575,not_found,,,,,,195,,2025-09-29T18:58:56.800475
CM0002153576,not_found,,,,,,195,,2025-09-29T18:58:59.215458
CM0002153577,not_found,,,,,,195,,2025-09-29T18:59:03.571125
CM0002153578,not_found,,,,,,195,,2025-09-29T18:59:06.064902
CM0002153579,not_found,,,,,,195,,2025-09-29T18:59:10.580320
CM0002153580,not_found,,,,,,195,,2025-09-29T19:00:43.831987
CM0002153581,not_found,,,,,,195,,2025-09-29T19:00:47.578440
CM0002153582,not_found,,,,,,195,,2025-09-29T19:00:53.390343
CM0002153583,not_found,,,,,,195,,2025-09-29T19:00:57.490679
CM0002153584,not_found,,,,,,195,,2025-09-29T19:01:01.450641
CM0002153585,not_found,,,,,,195,,2025-09-29T19:01:07.210421
CM0002153586,not_found,,,,,,195,,2025-09-29T19:01:12.020994
CM0002153587,not_found,,,,,,195,,2025-09-29T19:01:14.640970
CM0002153588,not_found,,,,,,195,,2025-09-29T19:01:16.763937
CM0002153589,not_found,,,,,,195,,2025-09-29T19:01:18.877770
CM0002153590,not_found,,,,,,195,,2025-09-29T19:01:20.989566
CM0002153591,not_found,,,,,,195,,2025-09-29T19:01:23.113894
CM0002153592,not_found,,,,,,195,,2025-09-29T19:01:25.240587
CM0002153593,not_found,,,,,,195,,2025-09-29T19:01:27.355594
CM0002153594,not_found,,,,,,195,,2025-09-29T19:01:29.479244
CM0002153595,not_found,,,,,,195,,2025-09-29T19:03:10.003409
CM0002153596,not_found,,,,,,195,,2025-09-29T19:03:12.129250
CM0002153597,not_found,,,,,,195,,2025-09-29T19:03:14.252285
CM0002153598,not_found,,,,,,195,,2025-09-29T19:03:16.376463
CM0002153599,not_found,,,,,,195,,2025-09-29T19:03:18.506479
CM0002153600,not_found,,,,,,195,,2025-09-29T19:03:20.631206
CM0002153601,not_found,,,,,,195,,2025-09-29T19:03:22.758067
CM0002153602,not_found,,,,,,195,,2025-09-29T19:03:24.897489
CM0002153603,not_found,,,,,,195,,2025-09-29T19:03:27.022242
CM0002153604,not_found,,,,,,195,,2025-09-29T19:03:29.145509
CM0002153605,not_found,,,,,,195,,2025-09-29T19:03:31.271500
CM0002153606,not_found,,,,,,195,,2025-09-29T19:03:33.383296
CM0002153607,not_found,,,,,,195,,2025-09-29T19:03:35.508053
CM0002153608,not_found,,,,,,195,,2025-09-29T19:03:37.634355
CM0002153609,not_found,,,,,,195,,2025-09-29T19:03:39.762254
CM0002153610,not_found,,,,,,195,,2025-09-29T19:03:41.889722
CM0002153611,not_found,,,,,,195,,2025-09-29T19:03:44.014487
CM0002153612,not_found,,,,,,195,,2025-09-29T19:03:46.138482
CM0002153613,not_found,,,,,,195,,2025-09-29T19:03:48.263612
CM0002153614,not_found,,,,,,195,,2025-09-29T19:03:50.388593
CM0002153615,not_found,,,,,,195,,2025-09-29T19:03:52.512740
CM0002153616,not_found,,,,,,195,,2025-09-29T19:03:54.640404
CM0002153617,not_found,,,,,,195,,2025-09-29T19:04:19.757438
CM0002153618,not_found,,,,,,195,,2025-09-29T19:04:21.883012
CM0002153619,not_found,,,,,,195,,2025-09-29T19:04:24.009088
CM0002153620,not_found,,,,,,195,,2025-09-29T19:04:26.136681
CM0002153621,not_found,,,,,,195,,2025-09-29T19:04:28.261907
CM0002153622,not_found,,,,,,195,,2025-09-29T19:04:30.388014
CM0002153623,not_found,,,,,,195,,2025-09-29T19:04:32.512129
CM0002153624,not_found,,,,,,195,,2025-09-29T19:04:34.634983
CM0002153625,not_found,,,,,,195,,2025-09-29T19:04:36.761333
CM0002153626,not_found,,,,,,195,,2025-09-29T19:04:38.879211
CM0002153627,not_found,,,,,,195,,2025-09-29T19:04:41.010141
CM0002153628,not_found,,,,,,195,,2025-09-29T19:04:43.139812
CM0002153629,not_found,,,,,,195,,2025-09-29T19:04:45.265399
CM0002153630,not_found,,,,,,195,,2025-09-29T19:04:47.391477
CM0002153631,not_found,,,,,,195,,2025-09-29T19:04:49.519341
CM0002153632,not_found,,,,,,195,,2025-09-29T19:04:51.644920
CM0002153633,not_found,,,,,,195,,2025-09-29T19:04:53.771012
CM0002153634,not_found,,,,,,195,,2025-09-29T19:04:55.897519
CM0002153635,not_found,,,,,,195,,2025-09-29T19:04:58.022063
CM0002153636,not_found,,,,,,195,,2025-09-29T19:05:00.146207
CM0002153637,not_found,,,,,,195,,2025-09-29T19:05:02.277377
CM0002153638,not_found,,,,,,195,,2025-09-29T19:05:04.403470
CM0002153639,not_found,,,,,,195,,2025-09-29T19:26:15.938565
CM0002153640,not_found,,,,,,195,,2025-09-29T19:26:22.742059
CM0002153641,not_found,,,,,,195,,2025-09-29T19:26:28.499452
CM0002153642,not_found,,,,,,195,,2025-09-29T19:26:31.915226
CM0002153643,not_found,,,,,,195,,2025-09-29T19:26:34.041724
CM0002153644,not_found,,,,,,195,,2025-09-29T19:26:36.153219
CM0002153645,not_found,,,,,,195,,2025-09-29T19:26:38.280442
CM0002153646,not_found,,,,,,195,,2025-09-29T19:26:40.428294
CM0002153647,not_found,,,,,,195,,2025-09-29T19:26:42.538197
CM0002153648,not_found,,,,,,195,,2025-09-29T19:26:44.663475
CM0002153649,not_found,,,,,,195,,2025-09-29T19:26:46.787794
CM0002153650,not_found,,,,,,195,,2025-09-29T19:26:48.915277
CM0002153651,not_found,,,,,,195,,2025-09-29T19:26:51.269621
CM0002153652,not_found,,,,,,195,,2025-09-29T19:26:53.391321
CM0002153653,not_found,,,,,,195,,2025-09-29T19:26:55.505118
CM0002153654,not_found,,,,,,195,,2025-09-29T19:26:57.646077
CM0002153655,not_found,,,,,,195,,2025-09-29T19:26:59.766249
CM0002153656,not_found,,,,,,195,,2025-09-29T19:27:02.150509
CM0002153657,not_found,,,,,,195,,2025-09-29T19:27:12.207486
CM0002153658,not_found,,,,,,195,,2025-09-29T19:27:14.351272
CM0002153659,not_found,,,,,,195,,2025-09-29T19:27:16.758171
CM0002153660,not_found,,,,,,195,,2025-09-29T19:27:18.895250
CM0002153661,not_found,,,,,,195,,2025-09-29T19:27:21.021385
CM0002153662,not_found,,,,,,195,,2025-09-29T19:27:23.157127
